Order ID,Order Date,CustomerName,State,City
M-10000,10-03-2018,Sara,Rabat-Salé-Kénitra,Kénitra
M-10001,03-02-2018,Nadia,Marrakech-Safi,Marrakech
M-10002,24-01-2018,Mohamed,Casablanca-Settat,Mohammedia
M-10003,27-12-2018,Omar,Béni Mellal-Khénifra,Khénifra
M-10004,21-08-2018,Fatima,Casablanca-Settat,Casablanca
M-10005,21-01-2018,Hassan,Rabat-Salé-Kénitra,Salé
M-10006,16-01-2018,Amina,Fès-Meknès,Taza
M-10007,27-03-2018,Omar,Casablanca-Settat,Berrechid
M-10008,01-10-2018,Hassan,Rabat-Salé-Kénitra,Kénitra
M-10009,01-04-2018,Mustapha,Rabat-Salé-Kénitra,Kénitra
M-10010,13-11-2018,Khadija,Marrakech-Safi,Essaouira
M-10011,21-01-2018,Ahmed,Marrakech-Safi,Safi
M-10012,30-03-2018,Zineb,Souss-Massa,Tiznit
M-10013,04-02-2018,Khadija,Tanger-Tétouan-Al Hoceima,Al Hoceima
M-10014,25-11-2018,Laila,Tanger-Tétouan-Al Hoceima,Al Hoceima
M-10015,25-08-2018,Nadia,Casablanca-Settat,Mohammedia
M-10016,01-12-2018,Youssef,Fès-Meknès,Fès
M-10017,18-10-2018,Youssef,Casablanca-Settat,Casablanca
M-10018,08-11-2018,Laila,Tanger-Tétouan-Al Hoceima,Tanger
M-10019,15-11-2018,Zineb,Rabat-Salé-Kénitra,Rabat
M-10020,26-10-2018,Karim,Béni Mellal-Khénifra,Khénifra
M-10021,19-09-2018,Omar,Casablanca-Settat,Mohammedia
M-10022,11-06-2018,Mustapha,Souss-Massa,Inezgane
M-10023,18-02-2018,Youssef,Casablanca-Settat,Berrechid
M-10024,08-02-2018,Rachid,Fès-Meknès,Meknès
M-10025,19-08-2018,Khadija,Fès-Meknès,Meknès
M-10026,10-12-2018,Zineb,Marrakech-Safi,Essaouira
M-10027,04-01-2018,Mustapha,Casablanca-Settat,Berrechid
M-10028,30-09-2018,Laila,Marrakech-Safi,Safi
M-10029,27-04-2018,Salma,Rabat-Salé-Kénitra,Rabat
M-10030,04-06-2018,Laila,Rabat-Salé-Kénitra,Rabat
M-10031,13-12-2018,Sara,Béni Mellal-Khénifra,Kasba Tadla
M-10032,14-12-2018,Hassan,Marrakech-Safi,Safi
M-10033,13-01-2018,Nadia,Rabat-Salé-Kénitra,Kénitra
M-10034,12-04-2018,Karim,Béni Mellal-Khénifra,Kasba Tadla
M-10035,23-12-2018,Karim,Casablanca-Settat,Mohammedia
M-10036,01-09-2018,Amina,Fès-Meknès,Fès
M-10037,24-04-2018,Hassan,Fès-Meknès,Meknès
M-10038,22-07-2018,Youssef,Rabat-Salé-Kénitra,Rabat
M-10039,09-01-2018,Mustapha,Béni Mellal-Khénifra,Béni Mellal
M-10040,02-11-2018,Rachid,Fès-Meknès,Fès
M-10041,21-03-2018,Salma,Marrakech-Safi,Essaouira
M-10042,11-09-2018,Nadia,Casablanca-Settat,Berrechid
M-10043,12-07-2018,Laila,Tanger-Tétouan-Al Hoceima,Tanger
M-10044,26-03-2018,Fatima,Marrakech-Safi,Safi
M-10045,04-03-2018,Ahmed,Casablanca-Settat,Mohammedia
M-10046,24-09-2018,Nadia,Marrakech-Safi,Marrakech
M-10047,11-05-2018,Mohamed,Tanger-Tétouan-Al Hoceima,Al Hoceima
M-10048,08-04-2018,Ahmed,Tanger-Tétouan-Al Hoceima,Al Hoceima
M-10049,14-08-2018,Khadija,Marrakech-Safi,Safi
M-10050,12-09-2018,Fatima,Souss-Massa,Inezgane
M-10051,03-04-2018,Laila,Casablanca-Settat,Berrechid
M-10052,07-03-2018,Salma,Béni Mellal-Khénifra,Béni Mellal
M-10053,08-05-2018,Mohamed,Souss-Massa,Agadir
M-10054,08-11-2018,Laila,Souss-Massa,Tiznit
M-10055,26-08-2018,Karim,Casablanca-Settat,Casablanca
M-10056,04-02-2018,Nadia,Béni Mellal-Khénifra,Kasba Tadla
M-10057,02-01-2018,Omar,Casablanca-Settat,Mohammedia
M-10058,09-02-2018,Nadia,Rabat-Salé-Kénitra,Rabat
M-10059,22-06-2018,Rachid,Casablanca-Settat,Mohammedia
M-10060,29-10-2018,Sara,Tanger-Tétouan-Al Hoceima,Tétouan
M-10061,01-04-2018,Zineb,Tanger-Tétouan-Al Hoceima,Tanger
M-10062,23-11-2018,Ahmed,Rabat-Salé-Kénitra,Rabat
M-10063,20-02-2018,Rachid,Marrakech-Safi,Essaouira
M-10064,20-01-2018,Omar,Casablanca-Settat,Casablanca
M-10065,01-06-2018,Hassan,Rabat-Salé-Kénitra,Salé
M-10066,30-10-2018,Hassan,Béni Mellal-Khénifra,Béni Mellal
M-10067,04-12-2018,Ahmed,Tanger-Tétouan-Al Hoceima,Tanger
M-10068,29-12-2018,Zineb,Casablanca-Settat,Mohammedia
M-10069,14-01-2018,Zineb,Marrakech-Safi,Marrakech
M-10070,02-09-2018,Sara,Fès-Meknès,Meknès
M-10071,18-01-2018,Mustapha,Tanger-Tétouan-Al Hoceima,Tétouan
M-10072,22-07-2018,Fatima,Béni Mellal-Khénifra,Khénifra
M-10073,24-11-2018,Rachid,Marrakech-Safi,Essaouira
M-10074,16-03-2018,Youssef,Casablanca-Settat,Casablanca
M-10075,10-10-2018,Zineb,Souss-Massa,Tiznit
M-10076,18-11-2018,Omar,Marrakech-Safi,Safi
M-10077,19-02-2018,Zineb,Rabat-Salé-Kénitra,Rabat
M-10078,23-04-2018,Zineb,Casablanca-Settat,Casablanca
M-10079,05-01-2018,Hassan,Tanger-Tétouan-Al Hoceima,Tanger
M-10080,09-04-2018,Fatima,Tanger-Tétouan-Al Hoceima,Al Hoceima
M-10081,10-09-2018,Fatima,Marrakech-Safi,Essaouira
M-10082,02-08-2018,Salma,Marrakech-Safi,Safi
M-10083,27-01-2018,Omar,Casablanca-Settat,Berrechid
M-10084,29-04-2018,Laila,Marrakech-Safi,Marrakech
M-10085,22-07-2018,Salma,Tanger-Tétouan-Al Hoceima,Tétouan
M-10086,13-08-2018,Khadija,Souss-Massa,Agadir
M-10087,23-05-2018,Hassan,Tanger-Tétouan-Al Hoceima,Tanger
M-10088,13-05-2018,Sara,Béni Mellal-Khénifra,Khénifra
M-10089,17-08-2018,Laila,Marrakech-Safi,Safi
M-10090,14-03-2018,Laila,Marrakech-Safi,Safi
M-10091,29-10-2018,Nadia,Marrakech-Safi,Marrakech
M-10092,27-06-2018,Ahmed,Souss-Massa,Agadir
M-10093,13-01-2018,Nadia,Marrakech-Safi,Essaouira
M-10094,22-05-2018,Ahmed,Tanger-Tétouan-Al Hoceima,Al Hoceima
M-10095,31-05-2018,Nadia,Marrakech-Safi,Marrakech
M-10096,06-05-2018,Fatima,Marrakech-Safi,Essaouira
M-10097,31-01-2018,Fatima,Casablanca-Settat,Mohammedia
M-10098,05-11-2018,Rachid,Béni Mellal-Khénifra,Béni Mellal
M-10099,07-12-2018,Salma,Fès-Meknès,Taza
M-10100,10-10-2018,Khadija,Rabat-Salé-Kénitra,Salé
M-10101,21-10-2018,Mustapha,Casablanca-Settat,Casablanca
M-10102,14-01-2018,Salma,Rabat-Salé-Kénitra,Salé
M-10103,21-06-2018,Nadia,Béni Mellal-Khénifra,Kasba Tadla
M-10104,26-04-2018,Amina,Tanger-Tétouan-Al Hoceima,Tanger
M-10105,11-08-2018,Zineb,Casablanca-Settat,Casablanca
M-10106,10-12-2018,Fatima,Tanger-Tétouan-Al Hoceima,Tétouan
M-10107,07-11-2018,Sara,Marrakech-Safi,Marrakech
M-10108,28-01-2018,Salma,Souss-Massa,Tiznit
M-10109,08-12-2018,Sara,Tanger-Tétouan-Al Hoceima,Tétouan
M-10110,20-11-2018,Rachid,Casablanca-Settat,Casablanca
M-10111,26-02-2018,Mohamed,Marrakech-Safi,Essaouira
M-10112,27-05-2018,Khadija,Fès-Meknès,Fès
M-10113,31-03-2018,Amina,Casablanca-Settat,Berrechid
M-10114,07-05-2018,Laila,Tanger-Tétouan-Al Hoceima,Al Hoceima
M-10115,21-01-2018,Khadija,Béni Mellal-Khénifra,Kasba Tadla
M-10116,15-02-2018,Karim,Rabat-Salé-Kénitra,Rabat
M-10117,20-05-2018,Ahmed,Marrakech-Safi,Safi
M-10118,22-02-2018,Youssef,Tanger-Tétouan-Al Hoceima,Tétouan
M-10119,08-03-2018,Amina,Casablanca-Settat,Berrechid
M-10120,05-02-2018,Zineb,Béni Mellal-Khénifra,Béni Mellal
M-10121,14-09-2018,Mustapha,Casablanca-Settat,Mohammedia
M-10122,28-08-2018,Omar,Casablanca-Settat,Berrechid
M-10123,05-10-2018,Rachid,Casablanca-Settat,Mohammedia
M-10124,11-01-2018,Rachid,Marrakech-Safi,Marrakech
M-10125,26-03-2018,Rachid,Béni Mellal-Khénifra,Khénifra
M-10126,03-11-2018,Nadia,Marrakech-Safi,Marrakech
M-10127,13-10-2018,Khadija,Rabat-Salé-Kénitra,Rabat
M-10128,13-01-2018,Hassan,Souss-Massa,Inezgane
M-10129,22-01-2018,Sara,Rabat-Salé-Kénitra,Kénitra
M-10130,24-11-2018,Amina,Souss-Massa,Inezgane
M-10131,10-03-2018,Omar,Casablanca-Settat,Berrechid
M-10132,28-11-2018,Ahmed,Casablanca-Settat,Casablanca
M-10133,06-12-2018,Amina,Fès-Meknès,Meknès
M-10134,20-08-2018,Fatima,Rabat-Salé-Kénitra,Rabat
M-10135,14-11-2018,Youssef,Souss-Massa,Agadir
M-10136,16-06-2018,Ahmed,Souss-Massa,Agadir
M-10137,26-04-2018,Omar,Souss-Massa,Inezgane
M-10138,01-07-2018,Rachid,Souss-Massa,Inezgane
M-10139,27-10-2018,Ahmed,Casablanca-Settat,Mohammedia
M-10140,10-11-2018,Salma,Fès-Meknès,Taza
M-10141,04-12-2018,Sara,Fès-Meknès,Taza
M-10142,18-01-2018,Hassan,Casablanca-Settat,Casablanca
M-10143,06-02-2018,Hassan,Rabat-Salé-Kénitra,Rabat
M-10144,28-03-2018,Khadija,Tanger-Tétouan-Al Hoceima,Tétouan
M-10145,09-08-2018,Mohamed,Marrakech-Safi,Essaouira
M-10146,25-01-2018,Hassan,Tanger-Tétouan-Al Hoceima,Al Hoceima
M-10147,25-05-2018,Youssef,Fès-Meknès,Meknès
M-10148,03-11-2018,Mohamed,Fès-Meknès,Meknès
M-10149,02-12-2018,Sara,Souss-Massa,Agadir
M-10150,08-01-2018,Rachid,Fès-Meknès,Fès
M-10151,03-11-2018,Mohamed,Souss-Massa,Inezgane
M-10152,26-04-2018,Karim,Marrakech-Safi,Marrakech
M-10153,22-10-2018,Khadija,Rabat-Salé-Kénitra,Rabat
M-10154,22-03-2018,Laila,Marrakech-Safi,Marrakech
M-10155,23-04-2018,Youssef,Rabat-Salé-Kénitra,Kénitra
M-10156,05-10-2018,Hassan,Souss-Massa,Agadir
M-10157,18-06-2018,Khadija,Béni Mellal-Khénifra,Kasba Tadla
M-10158,24-09-2018,Salma,Souss-Massa,Agadir
M-10159,06-10-2018,Ahmed,Béni Mellal-Khénifra,Béni Mellal
M-10160,05-07-2018,Zineb,Casablanca-Settat,Berrechid
M-10161,25-05-2018,Mustapha,Fès-Meknès,Taza
M-10162,10-11-2018,Mustapha,Tanger-Tétouan-Al Hoceima,Tétouan
M-10163,15-09-2018,Salma,Souss-Massa,Agadir
M-10164,03-01-2018,Rachid,Souss-Massa,Inezgane
M-10165,09-03-2018,Sara,Béni Mellal-Khénifra,Béni Mellal
M-10166,18-03-2018,Ahmed,Marrakech-Safi,Marrakech
M-10167,24-09-2018,Amina,Marrakech-Safi,Marrakech
M-10168,30-01-2018,Zineb,Casablanca-Settat,Casablanca
M-10169,27-01-2018,Omar,Fès-Meknès,Fès
M-10170,10-03-2018,Nadia,Fès-Meknès,Fès
M-10171,22-03-2018,Laila,Béni Mellal-Khénifra,Béni Mellal
M-10172,20-09-2018,Nadia,Béni Mellal-Khénifra,Kasba Tadla
M-10173,07-06-2018,Ahmed,Casablanca-Settat,Casablanca
M-10174,19-01-2018,Youssef,Tanger-Tétouan-Al Hoceima,Tétouan
M-10175,14-08-2018,Karim,Fès-Meknès,Meknès
M-10176,24-10-2018,Omar,Souss-Massa,Inezgane
M-10177,22-04-2018,Hassan,Béni Mellal-Khénifra,Khénifra
M-10178,14-08-2018,Khadija,Tanger-Tétouan-Al Hoceima,Tanger
M-10179,10-06-2018,Salma,Marrakech-Safi,Marrakech
M-10180,11-02-2018,Salma,Casablanca-Settat,Casablanca
M-10181,23-02-2018,Laila,Béni Mellal-Khénifra,Kasba Tadla
M-10182,23-06-2018,Karim,Marrakech-Safi,Marrakech
M-10183,21-01-2018,Karim,Béni Mellal-Khénifra,Khénifra
M-10184,28-10-2018,Hassan,Marrakech-Safi,Marrakech
M-10185,07-08-2018,Youssef,Casablanca-Settat,Mohammedia
M-10186,28-11-2018,Amina,Fès-Meknès,Taza
M-10187,25-01-2018,Hassan,Béni Mellal-Khénifra,Khénifra
M-10188,29-03-2018,Amina,Fès-Meknès,Fès
M-10189,13-04-2018,Nadia,Rabat-Salé-Kénitra,Kénitra
M-10190,21-07-2018,Youssef,Marrakech-Safi,Essaouira
M-10191,06-03-2018,Ahmed,Fès-Meknès,Meknès
M-10192,09-04-2018,Ahmed,Rabat-Salé-Kénitra,Salé
M-10193,03-08-2018,Sara,Fès-Meknès,Meknès
M-10194,17-01-2018,Khadija,Souss-Massa,Agadir
M-10195,14-06-2018,Ahmed,Marrakech-Safi,Essaouira
M-10196,05-01-2018,Omar,Fès-Meknès,Fès
M-10197,04-12-2018,Youssef,Béni Mellal-Khénifra,Kasba Tadla
M-10198,10-10-2018,Mustapha,Béni Mellal-Khénifra,Kasba Tadla
M-10199,12-07-2018,Karim,Tanger-Tétouan-Al Hoceima,Tanger
M-10200,18-12-2018,Ahmed,Tanger-Tétouan-Al Hoceima,Tétouan
M-10201,10-12-2018,Karim,Marrakech-Safi,Essaouira
M-10202,28-03-2018,Mustapha,Souss-Massa,Agadir
M-10203,10-05-2018,Mustapha,Souss-Massa,Tiznit
M-10204,21-03-2018,Hassan,Tanger-Tétouan-Al Hoceima,Tétouan
M-10205,18-01-2018,Fatima,Fès-Meknès,Meknès
M-10206,08-11-2018,Mustapha,Béni Mellal-Khénifra,Béni Mellal
M-10207,28-04-2018,Karim,Fès-Meknès,Meknès
M-10208,08-06-2018,Nadia,Marrakech-Safi,Marrakech
M-10209,14-02-2018,Youssef,Rabat-Salé-Kénitra,Kénitra
M-10210,23-02-2018,Khadija,Souss-Massa,Inezgane
M-10211,10-03-2018,Khadija,Fès-Meknès,Fès
M-10212,15-10-2018,Rachid,Souss-Massa,Tiznit
M-10213,10-07-2018,Laila,Béni Mellal-Khénifra,Kasba Tadla
M-10214,04-01-2018,Fatima,Tanger-Tétouan-Al Hoceima,Tanger
M-10215,13-02-2018,Mohamed,Fès-Meknès,Meknès
M-10216,11-05-2018,Salma,Tanger-Tétouan-Al Hoceima,Tanger
M-10217,12-10-2018,Mohamed,Rabat-Salé-Kénitra,Kénitra
M-10218,26-04-2018,Zineb,Fès-Meknès,Taza
M-10219,04-12-2018,Mohamed,Casablanca-Settat,Casablanca
M-10220,11-06-2018,Zineb,Rabat-Salé-Kénitra,Kénitra
M-10221,17-05-2018,Hassan,Tanger-Tétouan-Al Hoceima,Tanger
M-10222,26-04-2018,Amina,Rabat-Salé-Kénitra,Kénitra
M-10223,13-03-2018,Mohamed,Souss-Massa,Tiznit
M-10224,03-03-2018,Mustapha,Souss-Massa,Inezgane
M-10225,02-09-2018,Rachid,Marrakech-Safi,Marrakech
M-10226,08-08-2018,Zineb,Béni Mellal-Khénifra,Béni Mellal
M-10227,18-04-2018,Fatima,Casablanca-Settat,Mohammedia
M-10228,18-01-2018,Khadija,Tanger-Tétouan-Al Hoceima,Tétouan
M-10229,02-09-2018,Ahmed,Rabat-Salé-Kénitra,Kénitra
M-10230,18-04-2018,Sara,Marrakech-Safi,Marrakech
M-10231,11-06-2018,Rachid,Béni Mellal-Khénifra,Khénifra
M-10232,25-10-2018,Salma,Marrakech-Safi,Marrakech
M-10233,23-02-2018,Fatima,Fès-Meknès,Fès
M-10234,09-07-2018,Sara,Casablanca-Settat,Mohammedia
M-10235,01-02-2018,Laila,Rabat-Salé-Kénitra,Salé
M-10236,04-11-2018,Youssef,Marrakech-Safi,Essaouira
M-10237,06-11-2018,Ahmed,Tanger-Tétouan-Al Hoceima,Al Hoceima
M-10238,15-09-2018,Mohamed,Béni Mellal-Khénifra,Khénifra
M-10239,20-04-2018,Fatima,Tanger-Tétouan-Al Hoceima,Al Hoceima
M-10240,04-02-2018,Youssef,Souss-Massa,Inezgane
M-10241,03-06-2018,Nadia,Marrakech-Safi,Essaouira
M-10242,22-07-2018,Youssef,Casablanca-Settat,Mohammedia
M-10243,14-02-2018,Mustapha,Souss-Massa,Inezgane
M-10244,24-08-2018,Khadija,Béni Mellal-Khénifra,Kasba Tadla
M-10245,05-10-2018,Sara,Casablanca-Settat,Berrechid
M-10246,18-08-2018,Mohamed,Marrakech-Safi,Essaouira
M-10247,16-02-2018,Laila,Tanger-Tétouan-Al Hoceima,Tanger
M-10248,27-04-2018,Mustapha,Tanger-Tétouan-Al Hoceima,Tanger
M-10249,22-09-2018,Fatima,Souss-Massa,Tiznit
M-10250,20-03-2018,Omar,Tanger-Tétouan-Al Hoceima,Tanger
M-10251,09-02-2018,Amina,Casablanca-Settat,Casablanca
M-10252,26-03-2018,Laila,Souss-Massa,Tiznit
M-10253,17-04-2018,Omar,Béni Mellal-Khénifra,Khénifra
M-10254,30-01-2018,Rachid,Casablanca-Settat,Berrechid
M-10255,31-08-2018,Laila,Souss-Massa,Agadir
M-10256,31-01-2018,Amina,Marrakech-Safi,Essaouira
M-10257,31-10-2018,Ahmed,Tanger-Tétouan-Al Hoceima,Tétouan
M-10258,19-05-2018,Zineb,Tanger-Tétouan-Al Hoceima,Al Hoceima
M-10259,21-02-2018,Sara,Fès-Meknès,Meknès
M-10260,13-01-2018,Zineb,Tanger-Tétouan-Al Hoceima,Tétouan
M-10261,05-12-2018,Mustapha,Béni Mellal-Khénifra,Khénifra
M-10262,10-02-2018,Amina,Tanger-Tétouan-Al Hoceima,Al Hoceima
M-10263,24-11-2018,Salma,Souss-Massa,Agadir
M-10264,19-12-2018,Ahmed,Marrakech-Safi,Marrakech
M-10265,24-09-2018,Karim,Rabat-Salé-Kénitra,Kénitra
M-10266,08-02-2018,Ahmed,Rabat-Salé-Kénitra,Kénitra
M-10267,01-05-2018,Sara,Marrakech-Safi,Safi
M-10268,29-10-2018,Youssef,Rabat-Salé-Kénitra,Rabat
M-10269,12-04-2018,Nadia,Casablanca-Settat,Casablanca
M-10270,10-10-2018,Hassan,Casablanca-Settat,Casablanca
M-10271,03-11-2018,Hassan,Rabat-Salé-Kénitra,Rabat
M-10272,19-02-2018,Khadija,Tanger-Tétouan-Al Hoceima,Tanger
M-10273,06-09-2018,Sara,Béni Mellal-Khénifra,Khénifra
M-10274,24-11-2018,Amina,Béni Mellal-Khénifra,Kasba Tadla
M-10275,16-05-2018,Nadia,Marrakech-Safi,Marrakech
M-10276,22-12-2018,Zineb,Marrakech-Safi,Safi
M-10277,22-01-2018,Amina,Casablanca-Settat,Berrechid
M-10278,15-03-2018,Youssef,Casablanca-Settat,Berrechid
M-10279,17-11-2018,Zineb,Casablanca-Settat,Mohammedia
M-10280,28-06-2018,Nadia,Tanger-Tétouan-Al Hoceima,Tanger
M-10281,17-05-2018,Karim,Casablanca-Settat,Berrechid
M-10282,12-08-2018,Ahmed,Tanger-Tétouan-Al Hoceima,Al Hoceima
M-10283,30-08-2018,Youssef,Tanger-Tétouan-Al Hoceima,Tétouan
M-10284,15-11-2018,Zineb,Tanger-Tétouan-Al Hoceima,Tétouan
M-10285,11-03-2018,Laila,Béni Mellal-Khénifra,Kasba Tadla
M-10286,08-10-2018,Khadija,Fès-Meknès,Meknès
M-10287,09-12-2018,Sara,Tanger-Tétouan-Al Hoceima,Tanger
M-10288,25-03-2018,Zineb,Rabat-Salé-Kénitra,Kénitra
M-10289,08-05-2018,Zineb,Fès-Meknès,Taza
M-10290,09-02-2018,Salma,Fès-Meknès,Fès
M-10291,01-10-2018,Salma,Rabat-Salé-Kénitra,Salé
M-10292,31-12-2018,Mohamed,Rabat-Salé-Kénitra,Salé
M-10293,31-01-2018,Youssef,Tanger-Tétouan-Al Hoceima,Tanger
M-10294,03-02-2018,Ahmed,Fès-Meknès,Fès
M-10295,20-04-2018,Mustapha,Souss-Massa,Tiznit
M-10296,07-07-2018,Salma,Marrakech-Safi,Essaouira
M-10297,25-01-2018,Mustapha,Béni Mellal-Khénifra,Khénifra
M-10298,16-03-2018,Amina,Marrakech-Safi,Safi
M-10299,16-07-2018,Salma,Tanger-Tétouan-Al Hoceima,Al Hoceima
M-10300,15-11-2018,Mustapha,Rabat-Salé-Kénitra,Salé
M-10301,03-02-2018,Amina,Tanger-Tétouan-Al Hoceima,Tétouan
M-10302,01-08-2018,Zineb,Marrakech-Safi,Safi
M-10303,01-03-2018,Rachid,Béni Mellal-Khénifra,Khénifra
M-10304,27-01-2018,Fatima,Béni Mellal-Khénifra,Kasba Tadla
M-10305,12-12-2018,Nadia,Tanger-Tétouan-Al Hoceima,Tétouan
M-10306,07-01-2018,Nadia,Tanger-Tétouan-Al Hoceima,Tétouan
M-10307,24-09-2018,Mohamed,Marrakech-Safi,Marrakech
M-10308,27-02-2018,Mohamed,Béni Mellal-Khénifra,Béni Mellal
M-10309,18-06-2018,Ahmed,Béni Mellal-Khénifra,Khénifra
M-10310,18-01-2018,Youssef,Tanger-Tétouan-Al Hoceima,Al Hoceima
M-10311,23-02-2018,Rachid,Béni Mellal-Khénifra,Kasba Tadla
M-10312,25-12-2018,Mohamed,Rabat-Salé-Kénitra,Salé
M-10313,10-01-2018,Amina,Casablanca-Settat,Mohammedia
M-10314,19-07-2018,Mohamed,Casablanca-Settat,Berrechid
M-10315,19-02-2018,Salma,Béni Mellal-Khénifra,Khénifra
M-10316,18-06-2018,Youssef,Tanger-Tétouan-Al Hoceima,Tanger
M-10317,21-05-2018,Mustapha,Marrakech-Safi,Essaouira
M-10318,08-02-2018,Hassan,Tanger-Tétouan-Al Hoceima,Tanger
M-10319,11-04-2018,Sara,Rabat-Salé-Kénitra,Kénitra
M-10320,10-12-2018,Amina,Fès-Meknès,Fès
M-10321,22-04-2018,Fatima,Fès-Meknès,Fès
M-10322,08-07-2018,Sara,Rabat-Salé-Kénitra,Kénitra
M-10323,27-03-2018,Amina,Souss-Massa,Tiznit
M-10324,03-04-2018,Omar,Marrakech-Safi,Marrakech
M-10325,23-10-2018,Fatima,Fès-Meknès,Meknès
M-10326,29-10-2018,Karim,Béni Mellal-Khénifra,Kasba Tadla
M-10327,19-02-2018,Ahmed,Tanger-Tétouan-Al Hoceima,Al Hoceima
M-10328,09-10-2018,Karim,Marrakech-Safi,Marrakech
M-10329,11-12-2018,Sara,Souss-Massa,Inezgane
M-10330,13-01-2018,Fatima,Marrakech-Safi,Safi
M-10331,27-03-2018,Khadija,Tanger-Tétouan-Al Hoceima,Al Hoceima
M-10332,13-01-2018,Khadija,Tanger-Tétouan-Al Hoceima,Tétouan
M-10333,07-02-2018,Ahmed,Souss-Massa,Inezgane
M-10334,02-09-2018,Khadija,Rabat-Salé-Kénitra,Rabat
M-10335,15-05-2018,Mohamed,Béni Mellal-Khénifra,Khénifra
M-10336,28-12-2018,Omar,Béni Mellal-Khénifra,Béni Mellal
M-10337,27-11-2018,Amina,Marrakech-Safi,Marrakech
M-10338,12-01-2018,Youssef,Rabat-Salé-Kénitra,Rabat
M-10339,16-03-2018,Laila,Fès-Meknès,Meknès
M-10340,24-03-2018,Laila,Marrakech-Safi,Essaouira
M-10341,20-07-2018,Hassan,Casablanca-Settat,Mohammedia
M-10342,24-04-2018,Khadija,Casablanca-Settat,Berrechid
M-10343,28-05-2018,Hassan,Marrakech-Safi,Marrakech
M-10344,17-06-2018,Amina,Tanger-Tétouan-Al Hoceima,Al Hoceima
M-10345,03-02-2018,Salma,Fès-Meknès,Fès
M-10346,29-08-2018,Amina,Marrakech-Safi,Marrakech
M-10347,04-12-2018,Zineb,Souss-Massa,Agadir
M-10348,26-03-2018,Youssef,Souss-Massa,Tiznit
M-10349,13-09-2018,Rachid,Casablanca-Settat,Mohammedia
M-10350,09-06-2018,Karim,Marrakech-Safi,Safi
M-10351,03-08-2018,Ahmed,Béni Mellal-Khénifra,Béni Mellal
M-10352,26-07-2018,Zineb,Tanger-Tétouan-Al Hoceima,Al Hoceima
M-10353,04-05-2018,Salma,Tanger-Tétouan-Al Hoceima,Tétouan
M-10354,24-02-2018,Fatima,Casablanca-Settat,Casablanca
M-10355,25-06-2018,Ahmed,Marrakech-Safi,Safi
M-10356,14-02-2018,Youssef,Casablanca-Settat,Mohammedia
M-10357,29-06-2018,Hassan,Casablanca-Settat,Berrechid
M-10358,10-10-2018,Zineb,Casablanca-Settat,Mohammedia
M-10359,16-10-2018,Laila,Tanger-Tétouan-Al Hoceima,Al Hoceima
M-10360,24-11-2018,Rachid,Souss-Massa,Agadir
M-10361,24-05-2018,Salma,Marrakech-Safi,Safi
M-10362,01-10-2018,Omar,Casablanca-Settat,Mohammedia
M-10363,01-01-2018,Khadija,Béni Mellal-Khénifra,Khénifra
M-10364,17-02-2018,Karim,Fès-Meknès,Meknès
M-10365,16-03-2018,Hassan,Rabat-Salé-Kénitra,Salé
M-10366,26-11-2018,Laila,Rabat-Salé-Kénitra,Salé
M-10367,04-12-2018,Fatima,Casablanca-Settat,Casablanca
M-10368,16-10-2018,Nadia,Rabat-Salé-Kénitra,Rabat
M-10369,03-12-2018,Karim,Casablanca-Settat,Berrechid
M-10370,21-11-2018,Nadia,Béni Mellal-Khénifra,Khénifra
M-10371,26-04-2018,Youssef,Souss-Massa,Inezgane
M-10372,15-04-2018,Omar,Marrakech-Safi,Safi
M-10373,23-01-2018,Khadija,Tanger-Tétouan-Al Hoceima,Tétouan
M-10374,05-10-2018,Nadia,Marrakech-Safi,Marrakech
M-10375,15-11-2018,Salma,Rabat-Salé-Kénitra,Salé
M-10376,22-03-2018,Nadia,Tanger-Tétouan-Al Hoceima,Tanger
M-10377,07-10-2018,Omar,Marrakech-Safi,Marrakech
M-10378,29-07-2018,Youssef,Souss-Massa,Tiznit
M-10379,24-11-2018,Fatima,Marrakech-Safi,Essaouira
M-10380,04-01-2018,Sara,Tanger-Tétouan-Al Hoceima,Tétouan
M-10381,17-12-2018,Rachid,Souss-Massa,Inezgane
M-10382,16-12-2018,Nadia,Fès-Meknès,Fès
M-10383,20-10-2018,Rachid,Marrakech-Safi,Essaouira
M-10384,06-07-2018,Youssef,Marrakech-Safi,Safi
M-10385,15-11-2018,Amina,Béni Mellal-Khénifra,Khénifra
M-10386,21-12-2018,Khadija,Rabat-Salé-Kénitra,Rabat
M-10387,05-03-2018,Sara,Fès-Meknès,Meknès
M-10388,24-12-2018,Sara,Souss-Massa,Inezgane
M-10389,24-06-2018,Amina,Fès-Meknès,Meknès
M-10390,30-07-2018,Salma,Marrakech-Safi,Safi
M-10391,26-06-2018,Nadia,Fès-Meknès,Fès
M-10392,27-03-2018,Mustapha,Marrakech-Safi,Safi
M-10393,23-03-2018,Omar,Fès-Meknès,Fès
M-10394,14-10-2018,Hassan,Fès-Meknès,Fès
M-10395,03-11-2018,Karim,Casablanca-Settat,Mohammedia
M-10396,12-02-2018,Hassan,Tanger-Tétouan-Al Hoceima,Tanger
M-10397,24-04-2018,Amina,Béni Mellal-Khénifra,Béni Mellal
M-10398,06-04-2018,Zineb,Fès-Meknès,Taza
M-10399,10-08-2018,Hassan,Béni Mellal-Khénifra,Béni Mellal
M-10400,08-02-2018,Mustapha,Fès-Meknès,Meknès
M-10401,03-11-2018,Khadija,Souss-Massa,Tiznit
M-10402,19-11-2018,Amina,Tanger-Tétouan-Al Hoceima,Tanger
M-10403,16-03-2018,Omar,Marrakech-Safi,Safi
M-10404,15-11-2018,Mustapha,Casablanca-Settat,Mohammedia
M-10405,25-02-2018,Sara,Marrakech-Safi,Essaouira
M-10406,20-12-2018,Sara,Fès-Meknès,Meknès
M-10407,27-03-2018,Sara,Souss-Massa,Tiznit
M-10408,31-01-2018,Zineb,Souss-Massa,Tiznit
M-10409,11-12-2018,Mustapha,Souss-Massa,Tiznit
M-10410,14-02-2018,Sara,Tanger-Tétouan-Al Hoceima,Tétouan
M-10411,30-04-2018,Karim,Rabat-Salé-Kénitra,Salé
M-10412,04-06-2018,Rachid,Marrakech-Safi,Essaouira
M-10413,18-07-2018,Khadija,Tanger-Tétouan-Al Hoceima,Tanger
M-10414,05-04-2018,Mohamed,Fès-Meknès,Meknès
M-10415,24-09-2018,Amina,Béni Mellal-Khénifra,Béni Mellal
M-10416,04-06-2018,Laila,Souss-Massa,Inezgane
M-10417,04-01-2018,Ahmed,Béni Mellal-Khénifra,Khénifra
M-10418,04-01-2018,Salma,Souss-Massa,Agadir
M-10419,02-02-2018,Nadia,Tanger-Tétouan-Al Hoceima,Tétouan
M-10420,15-04-2018,Salma,Fès-Meknès,Taza
M-10421,22-02-2018,Nadia,Tanger-Tétouan-Al Hoceima,Tanger
M-10422,01-10-2018,Zineb,Marrakech-Safi,Safi
M-10423,29-10-2018,Mustapha,Souss-Massa,Tiznit
M-10424,22-03-2018,Hassan,Tanger-Tétouan-Al Hoceima,Tanger
M-10425,05-01-2018,Rachid,Rabat-Salé-Kénitra,Rabat
M-10426,05-01-2018,Fatima,Marrakech-Safi,Safi
M-10427,11-07-2018,Ahmed,Casablanca-Settat,Berrechid
M-10428,03-08-2018,Youssef,Tanger-Tétouan-Al Hoceima,Al Hoceima
M-10429,27-08-2018,Omar,Béni Mellal-Khénifra,Khénifra
M-10430,22-11-2018,Amina,Tanger-Tétouan-Al Hoceima,Tanger
M-10431,24-11-2018,Youssef,Casablanca-Settat,Casablanca
M-10432,30-12-2018,Zineb,Souss-Massa,Inezgane
M-10433,21-03-2018,Mustapha,Casablanca-Settat,Casablanca
M-10434,23-04-2018,Laila,Souss-Massa,Tiznit
M-10435,06-01-2018,Fatima,Rabat-Salé-Kénitra,Kénitra
M-10436,04-03-2018,Karim,Rabat-Salé-Kénitra,Kénitra
M-10437,17-03-2018,Khadija,Tanger-Tétouan-Al Hoceima,Tétouan
M-10438,20-02-2018,Karim,Casablanca-Settat,Mohammedia
M-10439,19-01-2018,Sara,Souss-Massa,Inezgane
M-10440,26-12-2018,Ahmed,Rabat-Salé-Kénitra,Salé
M-10441,16-11-2018,Nadia,Fès-Meknès,Taza
M-10442,06-04-2018,Karim,Béni Mellal-Khénifra,Kasba Tadla
M-10443,08-09-2018,Sara,Marrakech-Safi,Marrakech
M-10444,04-02-2018,Omar,Béni Mellal-Khénifra,Khénifra
M-10445,15-03-2018,Sara,Souss-Massa,Inezgane
M-10446,17-07-2018,Amina,Béni Mellal-Khénifra,Kasba Tadla
M-10447,09-09-2018,Hassan,Marrakech-Safi,Safi
M-10448,22-02-2018,Karim,Fès-Meknès,Meknès
M-10449,30-06-2018,Mohamed,Casablanca-Settat,Casablanca
M-10450,24-04-2018,Mustapha,Tanger-Tétouan-Al Hoceima,Tétouan
M-10451,28-07-2018,Omar,Rabat-Salé-Kénitra,Salé
M-10452,03-05-2018,Nadia,Marrakech-Safi,Safi
M-10453,23-09-2018,Rachid,Béni Mellal-Khénifra,Khénifra
M-10454,01-07-2018,Ahmed,Souss-Massa,Inezgane
M-10455,15-12-2018,Khadija,Casablanca-Settat,Mohammedia
M-10456,07-09-2018,Ahmed,Rabat-Salé-Kénitra,Kénitra
M-10457,28-02-2018,Zineb,Rabat-Salé-Kénitra,Salé
M-10458,10-10-2018,Youssef,Casablanca-Settat,Casablanca
M-10459,18-10-2018,Salma,Fès-Meknès,Taza
M-10460,21-03-2018,Fatima,Fès-Meknès,Fès
M-10461,15-09-2018,Mohamed,Souss-Massa,Tiznit
M-10462,04-03-2018,Zineb,Tanger-Tétouan-Al Hoceima,Tétouan
M-10463,15-06-2018,Mustapha,Casablanca-Settat,Casablanca
M-10464,01-07-2018,Mohamed,Béni Mellal-Khénifra,Béni Mellal
M-10465,31-07-2018,Fatima,Casablanca-Settat,Mohammedia
M-10466,15-07-2018,Amina,Marrakech-Safi,Safi
M-10467,11-12-2018,Amina,Casablanca-Settat,Mohammedia
M-10468,12-07-2018,Amina,Souss-Massa,Inezgane
M-10469,13-02-2018,Mohamed,Béni Mellal-Khénifra,Kasba Tadla
M-10470,02-03-2018,Youssef,Rabat-Salé-Kénitra,Salé
M-10471,05-05-2018,Ahmed,Casablanca-Settat,Casablanca
M-10472,14-05-2018,Mohamed,Béni Mellal-Khénifra,Khénifra
M-10473,28-05-2018,Sara,Casablanca-Settat,Berrechid
M-10474,22-04-2018,Nadia,Rabat-Salé-Kénitra,Rabat
M-10475,28-11-2018,Salma,Souss-Massa,Tiznit
M-10476,27-04-2018,Sara,Marrakech-Safi,Essaouira
M-10477,01-11-2018,Zineb,Tanger-Tétouan-Al Hoceima,Tétouan
M-10478,27-01-2018,Youssef,Marrakech-Safi,Safi
M-10479,13-02-2018,Salma,Souss-Massa,Tiznit
M-10480,20-02-2018,Youssef,Souss-Massa,Inezgane
M-10481,19-03-2018,Youssef,Fès-Meknès,Taza
M-10482,01-05-2018,Hassan,Béni Mellal-Khénifra,Khénifra
M-10483,02-06-2018,Ahmed,Fès-Meknès,Fès
M-10484,23-08-2018,Amina,Marrakech-Safi,Marrakech
M-10485,12-03-2018,Salma,Fès-Meknès,Fès
M-10486,25-04-2018,Amina,Rabat-Salé-Kénitra,Kénitra
M-10487,22-03-2018,Amina,Béni Mellal-Khénifra,Khénifra
M-10488,28-05-2018,Rachid,Tanger-Tétouan-Al Hoceima,Tétouan
M-10489,21-01-2018,Nadia,Tanger-Tétouan-Al Hoceima,Tanger
M-10490,27-07-2018,Laila,Tanger-Tétouan-Al Hoceima,Tanger
M-10491,29-10-2018,Hassan,Béni Mellal-Khénifra,Kasba Tadla
M-10492,15-09-2018,Mohamed,Souss-Massa,Tiznit
M-10493,29-01-2018,Omar,Souss-Massa,Inezgane
M-10494,21-09-2018,Mohamed,Béni Mellal-Khénifra,Kasba Tadla
M-10495,03-08-2018,Zineb,Tanger-Tétouan-Al Hoceima,Tétouan
M-10496,26-03-2018,Mohamed,Marrakech-Safi,Marrakech
M-10497,01-07-2018,Khadija,Rabat-Salé-Kénitra,Rabat
M-10498,22-08-2018,Omar,Béni Mellal-Khénifra,Kasba Tadla
M-10499,28-03-2018,Nadia,Souss-Massa,Tiznit
